eval,best_so_far
40,32.1178097148037
80,22.590233511481735
120,18.369698555825234
160,9.523539198923272
200,5.759601998266529
240,5.759601998266529
280,5.343959363313706
320,5.343959363313706
360,2.25541350166539
400,2.1716811461505188
440,2.1716811461505188
480,1.4015242719162448
520,1.4015242719162448
560,1.4015242719162448
600,1.269036896255527
640,1.248620165068386
680,1.248620165068386
720,1.1479069360170808
760,0.8047937433263879
800,0.6713580723088429
840,0.6713580723088429
880,0.6713580723088429
920,0.6713580723088429
960,0.4803985607330418
1000,0.45265008423233155
1040,0.45265008423233155
1080,0.45265008423233155
1120,0.386448434078131
1160,0.3357919923337388
1200,0.3110193647777103
1240,0.2981794337407119
1280,0.29120398749729537
1320,0.22870850839781198
1360,0.22870850839781198
1400,0.22870850839781198
1440,0.22870850839781198
1480,0.16420463638273516
1520,0.16420463638273516
1560,0.14993473194362839
1600,0.14993473194362839
1640,0.14330362745857658
1680,0.14330362745857658
1720,0.11603255566122803
1760,0.09398618986079477
1800,0.0681989712902645
1840,0.05854105164465759
1880,0.05854105164465759
1920,0.05286932686737441
1960,0.05286932686737441
2000,0.048562767994991755
2040,0.04805559384322612
2080,0.04805559384322612
2120,0.037062197597637236
2160,0.02640238941322673
2200,0.02640238941322673
2240,0.025631532345900227
2280,0.025631532345900227
2320,0.01844479089113182
2360,0.01844479089113182
2400,0.01844479089113182
2440,0.01844479089113182
2480,0.018253991671827063
2520,0.016968058081495263
2560,0.016539405139318408
2600,0.016282811966989955
2640,0.01486125594968097
2680,0.01393579513307427
2720,0.012818311734241743
2760,0.010651928051789166
2800,0.010651928051789166
2840,0.008535759512900015
2880,0.008535759512900015
2920,0.008535759512900015
2960,0.008535759512900015
3000,0.008535759512900015
3040,0.005690010642477415
3080,0.005690010642477415
3120,0.00455807995091768
3160,0.004238066922991189
3200,0.004238066922991189
3240,0.004067786470213907
3280,0.003919036791089918
3320,0.003418624476510067
3360,0.003406875681601322
3400,0.002784465182827832
3440,0.002784465182827832
3480,0.0025136082570628012
3520,0.0025136082570628012
3560,0.0023694126860837692
3600,0.0023694126860837692
3640,0.0023050431399751475
3680,0.0013292737624089146
3720,0.0011194056588569765
3760,0.0009323373117057423
3800,0.0008996493315640831
3840,0.0007628115339157791
3880,0.0006668018742931684
3920,0.0006604428144210402
3960,0.000659873418064729
4000,0.0006380980688689321
4040,0.00047344636174797227
4080,0.000437761502479501
4120,0.00039100543526005265
4160,0.00036329602017944225
4200,0.0003175093419892946
4240,0.00024492513906777444
4280,0.00024492513906777444
4320,0.00024492513906777444
4360,0.000104447837947876
4400,0.000104447837947876
4440,0.000104447837947876
4480,8.501927957986187e-05
4520,7.290644101961907e-05
4560,7.290644101961907e-05
4600,7.24269901310805e-05
4640,6.44840004980374e-05
4680,6.44840004980374e-05
4720,6.019198881869468e-05
4760,5.740264497150315e-05
4800,5.066924178166333e-05
4840,5.066924178166333e-05
4880,4.242105172653712e-05
4920,3.9375305563284116e-05
4960,3.8871949704655196e-05
5000,2.1984959158745238e-05
5040,1.8172312714704908e-05
5080,1.8172312714704908e-05
5120,1.8172312714704908e-05
5160,1.8172312714704908e-05
5200,1.8094188014970275e-05
5240,1.555371091208807e-05
5280,1.555371091208807e-05
5320,1.4627491425190321e-05
5360,1.2740879193827267e-05
5400,1.2740879193827267e-05
5440,7.100509995597194e-06
5480,7.100509995597194e-06
5520,7.100509995597194e-06
5560,7.100509995597194e-06
5600,6.38713184394383e-06
5640,4.5003542931042285e-06
5680,4.5003542931042285e-06
5720,2.262991588280102e-06
5760,1.222687532013317e-06
5800,7.58100748050887e-07
5840,7.58100748050887e-07
5880,5.482531947937278e-07
5920,3.9106199704613407e-07
5960,3.9106199704613407e-07
6000,2.3449485080882734e-07
6040,2.1954635878903883e-07
6080,2.1954635878903883e-07
6120,2.1901261588688385e-07
6160,1.7752983376930143e-07
6200,1.7752983376930143e-07
6240,1.7752983376930143e-07
6280,1.5722082705229927e-07
6320,1.435859979438609e-07
6360,1.0699572056477415e-07
6400,8.114657582642058e-08
6440,7.15247502389059e-08
6480,7.010086811245601e-08
6520,7.010086811245601e-08
6560,6.74509319719159e-08
6600,6.077824211855574e-08
6640,5.833340789159535e-08
6680,4.7927781397946015e-08
6720,4.7927781397946015e-08
6760,3.652608389973309e-08
6800,2.9117365752252018e-08
6840,2.9117365752252018e-08
6880,2.4923608173528748e-08
6920,2.4148572638179285e-08
6960,2.4148572638179285e-08
7000,2.4148572638179285e-08
7040,2.4148572638179285e-08
7080,2.3228359631806044e-08
7120,2.3228359631806044e-08
7160,2.1513903343838393e-08
7200,1.8261149560172284e-08
7240,1.8261149560172284e-08
7280,1.812463125119097e-08
7320,1.5935616811915637e-08
7360,1.4206398598840615e-08
7400,1.3798186016574246e-08
7440,9.787863563669613e-09
7480,8.96878784860235e-09
7520,8.96878784860235e-09
7560,6.234402084343192e-09
7600,4.6056125217944544e-09
7640,3.063346049757297e-09
7680,3.063346049757297e-09
7720,2.8619884698908647e-09
7760,2.8619884698908647e-09
7800,2.6962369340529753e-09
7840,2.6962369340529753e-09
7880,1.960526316007565e-09
7920,1.960526316007565e-09
7960,1.960526316007565e-09
8000,1.960526316007565e-09
8040,1.8289492448679638e-09
8080,1.7410160277262277e-09
8120,1.615090361295742e-09
8160,1.4974716598296773e-09
8200,1.4052430654776125e-09
8240,1.312440825593093e-09
8280,1.172088775996728e-09
8320,9.028887585910962e-10
8360,7.855179969048008e-10
8400,7.565136446653692e-10
8440,7.565136446653692e-10
8480,7.251701611103777e-10
8520,7.052404403253469e-10
8560,7.052404403253469e-10
8600,6.996313167612271e-10
8640,6.928780154226943e-10
8680,1.2787845216220168e-10
8720,1.2787845216220168e-10
8760,1.2787845216220168e-10
8800,1.2787845216220168e-10
8840,1.2787845216220168e-10
8880,1.2787845216220168e-10
8920,1.2787845216220168e-10
8960,1.1821084350538456e-10
9000,8.607207659875223e-11
9040,8.607207659875223e-11
9080,8.607207659875223e-11
9120,6.761024598917373e-11
9160,6.761024598917373e-11
9200,6.761024598917373e-11
9240,6.761024598917373e-11
9280,4.9117729298165506e-11
9320,4.509655226878322e-11
9360,4.509655226878322e-11
9400,2.936579735972613e-11
9440,2.936579735972613e-11
9480,2.936579735972613e-11
9520,2.936579735972613e-11
9560,2.9066723741427905e-11
9600,2.6468244826961737e-11
9640,2.4477147352593837e-11
9680,2.4477147352593837e-11
9720,2.364207888899273e-11
9760,2.364207888899273e-11
9800,1.862385596463366e-11
9840,1.862385596463366e-11
9880,1.853841987324107e-11
9920,1.853841987324107e-11
9960,1.8142993040288527e-11
10000,1.7413648496437592e-11
10040,1.7413648496437592e-11
10080,1.7413648496437592e-11
10120,1.2370958357015155e-11
10160,1.2370958357015155e-11
10200,7.760888617382459e-12
10240,7.760888617382459e-12
10280,7.760888617382459e-12
10320,5.110400229045252e-12
10360,5.110400229045252e-12
10400,5.110400229045252e-12
10440,5.110400229045252e-12
10480,5.110400229045252e-12
10520,5.110400229045252e-12
10560,4.381594524156934e-12
10600,4.381594524156934e-12
10640,4.210989723760019e-12
10680,3.579367623428318e-12
10720,3.579367623428318e-12
10760,3.579367623428318e-12
10800,3.5463178778945135e-12
10840,3.5463178778945135e-12
10880,2.7651481302389576e-12
10920,2.7627704472902094e-12
10960,2.2442303346343978e-12
11000,2.2442303346343978e-12
11040,2.045509910512368e-12
11080,1.4718720848967155e-12
11120,1.4718720848967155e-12
11160,1.1685212781631733e-12
11200,1.1685212781631733e-12
11240,1.1685212781631733e-12
11280,1.0217300309155342e-12
11320,9.597706536203818e-13
11360,9.597706536203818e-13
11400,9.597706536203818e-13
11440,8.413910239523821e-13
11480,7.787321353815763e-13
11520,7.787321353815763e-13
11560,7.02214952606715e-13
11600,6.487599324280554e-13
11640,5.914184217660296e-13
11680,3.3961792167508965e-13
11720,3.3961792167508965e-13
11760,3.3961792167508965e-13
11800,3.3961792167508965e-13
11840,3.385955458739686e-13
11880,2.2787483521112777e-13
11920,1.9154248108717363e-13
11960,1.9154248108717363e-13
12000,1.622991268704618e-13
12040,1.193588218688616e-13
12080,1.193588218688616e-13
12120,1.193588218688616e-13
12160,1.0572997160865543e-13
12200,9.922314525953767e-14
12240,8.365606655269459e-14
12280,8.365606655269459e-14
12320,6.640552610644889e-14
12360,5.757716073578257e-14
12400,5.0266292694007256e-14
12440,5.0266292694007256e-14
12480,4.811907343544118e-14
12520,3.158701505596085e-14
12560,2.2900943961139026e-14
12600,2.2900943961139026e-14
12640,2.1685500026414773e-14
12680,2.1685500026414773e-14
12720,1.9864144270809343e-14
12760,1.9864144270809343e-14
12800,1.8969234205723113e-14
12840,1.6050821890523454e-14
12880,1.5977390216559514e-14
12920,1.2993234132250519e-14
12960,1.2993234132250519e-14
13000,1.2993234132250519e-14
13040,1.2993234132250519e-14
13080,2.796740420247643e-15
13120,2.796740420247643e-15
13160,2.796740420247643e-15
13200,2.7825650544860223e-15
13240,2.7825650544860223e-15
13280,2.7825650544860223e-15
13320,2.3957677257814487e-15
13360,2.134682398548393e-15
13400,2.134682398548393e-15
13440,2.134682398548393e-15
13480,2.0440573705874316e-15
13520,1.7662022344060157e-15
13560,7.542151558228127e-16
13600,7.542151558228127e-16
13640,7.542151558228127e-16
13680,7.542151558228127e-16
13720,7.542151558228127e-16
13760,7.43737411076664e-16
13800,7.43737411076664e-16
13840,7.380804818992255e-16
13880,6.748552631244488e-16
13920,6.748552631244488e-16
13960,6.496990613520376e-16
14000,6.021085932379711e-16
14040,4.30572341946056e-16
14080,2.244315025610365e-16
14120,1.343627039159848e-16
14160,1.343627039159848e-16
14200,1.343627039159848e-16
14240,1.2687917906239713e-16
14280,1.2687917906239713e-16
14320,1.2687917906239713e-16
14360,1.2687917906239713e-16
14400,1.2687917906239713e-16
14440,1.1709150096744846e-16
14480,1.1366051387948626e-16
14520,1.1366051387948626e-16
14560,1.127265213269238e-16
14600,9.021034310077654e-17
14640,8.408936272580392e-17
14680,8.408936272580392e-17
14720,8.408936272580392e-17
14760,8.408936272580392e-17
14800,8.264645123049959e-17
14840,8.264645123049959e-17
14880,7.397263180275924e-17
14920,7.100509183575354e-17
14960,6.935150636770025e-17
15000,6.818882182339503e-17
15040,4.629961849557016e-17
15080,4.629961849557016e-17
15120,2.6565357428487266e-17
15160,2.6565357428487266e-17
15200,2.6565357428487266e-17
15240,2.6565357428487266e-17
15280,2.6565357428487266e-17
15320,2.6565357428487266e-17
15360,2.6565357428487266e-17
15400,2.6565357428487266e-17
15440,2.4828033165366158e-17
15480,2.4828033165366158e-17
15520,2.4828033165366158e-17
15560,2.3760953727630608e-17
15600,2.333179199884155e-17
15640,2.333179199884155e-17
15680,2.2003794215101717e-17
15720,1.7501165919501455e-17
15760,1.6129874036848654e-17
15800,1.1009063099738549e-17
15840,1.1009063099738549e-17
15880,1.1009063099738549e-17
15920,1.1009063099738549e-17
15960,1.1009063099738549e-17
16000,1.0380552248479517e-17
16040,9.151160292552364e-18
16080,8.538516622940918e-18
16120,7.127665101191735e-18
16160,6.6694761063742384e-18
16200,6.562166605570692e-18
16240,5.555946420703412e-18
16280,5.428992435306933e-18
16320,5.106874109763046e-18
16360,2.7180039791874655e-18
16400,2.6870952847098796e-18
16440,2.633654904845663e-18
16480,2.1553337589639313e-18
16520,1.269659426782809e-18
16560,1.269659426782809e-18
16600,1.1999618707649687e-18
16640,1.1999618707649687e-18
16680,1.1999618707649687e-18
16720,1.1999618707649687e-18
16760,1.0260267340306373e-18
16800,1.0260267340306373e-18
16840,1.0260267340306373e-18
16880,9.108499653028531e-19
16920,5.848440321360871e-19
16960,5.848440321360871e-19
17000,5.848440321360871e-19
17040,5.181354360581689e-19
17080,4.504599159999607e-19
17120,3.018647532937001e-19
17160,1.591642412343421e-19
17200,1.4088497124234857e-19
17240,1.4088497124234857e-19
17280,8.934659257942932e-20
17320,8.934659257942932e-20
17360,8.732014562429994e-20
17400,8.405573573408099e-20
17440,7.195830286701398e-20
17480,7.151157736768275e-20
17520,7.151157736768275e-20
17560,4.739117733951395e-20
17600,4.527655115365973e-20
17640,4.068311249936818e-20
17680,3.165564905031352e-20
17720,3.0882692924643824e-20
17760,2.0637934076344224e-20
17800,1.2969979579486093e-20
17840,1.151009315555587e-20
17880,1.0543586914055485e-20
17920,1.0390497037593356e-20
17960,1.0390497037593356e-20
18000,1.0390497037593356e-20
18040,1.0286141179096035e-20
18080,1.009652944627366e-20
18120,1.009652944627366e-20
18160,9.803568451070487e-21
18200,8.662089231131692e-21
18240,8.662089231131692e-21
18280,8.429586426622733e-21
18320,6.709753494075538e-21
18360,6.709753494075538e-21
18400,6.164814754982636e-21
18440,5.509993963712807e-21
18480,5.326280191180804e-21
18520,2.7598136648037408e-21
18560,2.2407413002055457e-21
18600,2.1405122607622393e-21
18640,2.093815694166218e-21
18680,2.093815694166218e-21
18720,1.5359560994603331e-21
18760,1.5129805723153296e-21
18800,1.2172864883874602e-21
18840,9.641365141370578e-22
18880,9.641365141370578e-22
18920,7.803240935189777e-22
18960,7.68190361701572e-22
19000,7.68190361701572e-22
19040,7.68190361701572e-22
19080,7.430192198525699e-22
19120,6.520536302238074e-22
19160,6.520536302238074e-22
19200,6.117382219465103e-22
19240,5.924461772118383e-22
19280,4.5545974030007615e-22
19320,4.5545974030007615e-22
19360,4.402292943120135e-22
19400,4.315791684131764e-22
19440,4.315791684131764e-22
19480,3.9377283407474776e-22
19520,3.6218838247073362e-22
19560,3.6218838247073362e-22
19600,3.524183526726075e-22
19640,2.6885851169421343e-22
19680,2.19538303113144e-22
19720,2.19538303113144e-22
19760,2.19538303113144e-22
19800,1.2352440951842542e-22
19840,1.2352440951842542e-22
19880,9.444966631643336e-23
19920,7.820313382755364e-23
19960,6.007821946305971e-23
20000,6.007821946305971e-23
20040,5.376993942355781e-23
20080,5.1611594243983603e-23
20120,4.643878141404317e-23
20160,4.177400290999648e-23
20200,4.177400290999648e-23
20240,4.177400290999648e-23
20280,4.177400290999648e-23
20320,4.177400290999648e-23
20360,4.177400290999648e-23
20400,4.0252994310219076e-23
20440,3.8586755647231325e-23
20480,3.819382508047782e-23
20520,3.616228992412058e-23
20560,3.377557551172345e-23
20600,3.3598707001564666e-23
20640,2.778586179588562e-23
20680,2.4025916449216353e-23
20720,2.3080182798211694e-23
20760,2.115629111048419e-23
20800,1.9493751936019744e-23
20840,1.8766592946982932e-23
20880,1.772627035979129e-23
20920,1.1002021627421436e-23
20960,9.290181202761245e-24
21000,9.290181202761245e-24
21040,9.290181202761245e-24
21080,9.290181202761245e-24
21120,7.669086540396643e-24
21160,7.669086540396643e-24
21200,7.669086540396643e-24
21240,7.669086540396643e-24
21280,5.708581154770096e-24
21320,4.868993087650945e-24
21360,4.409982369353263e-24
21400,3.734378601644089e-24
21440,3.7209697452561826e-24
21480,3.294722320959454e-24
21520,2.7422725997321808e-24
21560,2.7422725997321808e-24
21600,2.7422725997321808e-24
21640,1.567735302484965e-24
21680,1.567735302484965e-24
21720,1.340445731198083e-24
21760,1.1731490021638262e-24
21800,1.1731490021638262e-24
21840,1.1731490021638262e-24
21880,8.184194842198834e-25
21920,6.416575645817439e-25
21960,6.416575645817439e-25
22000,6.416575645817439e-25
22040,6.416575645817439e-25
22080,4.749952802283486e-25
22120,3.011062574034719e-25
22160,2.393419385937445e-25
22200,2.393419385937445e-25
22240,2.2349062465940133e-25
22280,2.2349062465940133e-25
22320,1.7461225776137205e-25
22360,1.7125579298793547e-25
22400,1.7125579298793547e-25
22440,1.5019965933231918e-25
22480,1.3253330094456832e-25
22520,1.295439198758447e-25
22560,1.295439198758447e-25
22600,1.2591036425727767e-25
22640,1.2351772284567473e-25
22680,1.0682871105547478e-25
22720,1.0682871105547478e-25
22760,1.0260993511071207e-25
22800,1.0096964075898562e-25
22840,1.0096964075898562e-25
22880,1.0096964075898562e-25
22920,7.680804842569356e-26
22960,7.680804842569356e-26
23000,7.680804842569356e-26
23040,7.680804842569356e-26
23080,7.680804842569356e-26
23120,5.884156560434359e-26
23160,4.9138965803857666e-26
23200,4.9138965803857666e-26
23240,4.9138965803857666e-26
23280,4.9138965803857666e-26
23320,2.878376810780203e-26
23360,2.253167633250205e-26
23400,2.253167633250205e-26
23440,2.253167633250205e-26
23480,2.253167633250205e-26
23520,2.127882956734757e-26
23560,1.4340255867874306e-26
23600,1.4340255867874306e-26
23640,1.4340255867874306e-26
23680,1.4340255867874306e-26
23720,1.1979243570192443e-26
23760,1.1979243570192443e-26
23800,1.0425889017708724e-26
23840,6.42746091605745e-27
23880,6.42746091605745e-27
23920,5.708761300755861e-27
23960,5.708761300755861e-27
24000,4.5889763750800525e-27
24040,3.7578640831625106e-27
24080,3.0891210268369555e-27
24120,2.8065022183008952e-27
24160,2.7489570339576113e-27
24200,2.7489570339576113e-27
24240,1.827399501196183e-27
24280,1.7223821793550557e-27
24320,1.7223821793550557e-27
24360,1.719928657523533e-27
24400,1.719928657523533e-27
24440,1.3539701118650918e-27
24480,1.3539701118650918e-27
24520,1.277593079529556e-27
24560,1.1544728181220145e-27
24600,1.1544728181220145e-27
24640,1.1544728181220145e-27
24680,8.921574451034429e-28
24720,7.6325118930700216e-28
24760,7.6325118930700216e-28
24800,7.6325118930700216e-28
24840,7.502997811529431e-28
24880,2.6119031273398904e-28
24920,2.6119031273398904e-28
24960,2.6119031273398904e-28
25000,2.6119031273398904e-28
25040,2.6119031273398904e-28
25080,2.2135632279702132e-28
25120,2.184335502692779e-28
25160,1.268543543590495e-28
25200,1.268543543590495e-28
25240,1.226544251601045e-28
25280,1.226544251601045e-28
25320,1.226544251601045e-28
25360,1.0183272560623663e-28
25400,1.0183272560623663e-28
25440,1.0183272560623663e-28
25480,1.0183272560623663e-28
25520,1.0183272560623663e-28
25560,1.0183272560623663e-28
25600,1.0183272560623663e-28
25640,1.0183272560623663e-28
25680,9.391172841004683e-29
25720,9.391172841004683e-29
25760,8.139933763588118e-29
25800,6.285666784177595e-29
25840,2.4079843550204257e-29
25880,2.4079843550204257e-29
25920,2.4079843550204257e-29
25960,2.4079843550204257e-29
26000,2.4079843550204257e-29
26040,2.1923004127357758e-29
26080,2.1923004127357758e-29
26120,2.1923004127357758e-29
26160,1.9189905792338688e-29
26200,1.1317268690320524e-29
26240,1.1317268690320524e-29
26280,8.452665536582376e-30
26320,8.452665536582376e-30
26360,8.452665536582376e-30
26400,8.452665536582376e-30
26440,7.774441001530178e-30
26480,7.774441001530178e-30
26520,7.657610765365199e-30
26560,7.657610765365199e-30
26600,5.538645305270541e-30
26640,3.9972619622040996e-30
26680,3.644087283786219e-30
26720,3.644087283786219e-30
26760,3.644087283786219e-30
26800,2.626325002362993e-30
26840,2.5254063998770722e-30
26880,2.086095097335617e-30
26920,1.8739471365935192e-30
26960,1.8739471365935192e-30
27000,1.629484134604068e-30
27040,1.4151221798289128e-30
27080,1.2090086014951376e-30
27120,1.0258744693891369e-30
27160,9.852614678837946e-31
27200,9.852614678837946e-31
27240,9.533164265170571e-31
27280,8.772059206337216e-31
27320,6.5911488435766995e-31
27360,6.5911488435766995e-31
27400,6.5911488435766995e-31
27440,6.0838310212935945e-31
27480,5.360516820599119e-31
27520,3.0742725436727677e-31
27560,2.94966529661729e-31
27600,2.94966529661729e-31
27640,2.8966520215540038e-31
27680,2.5664342043954373e-31
27720,2.4891852192347354e-31
27760,2.165296850216048e-31
27800,1.9211208207419152e-31
27840,1.8652063335006542e-31
27880,1.8642704481154565e-31
27920,1.1322741264743745e-31
27960,1.1218080818957621e-31
28000,1.1218080818957621e-31
28040,1.1218080818957621e-31
28080,1.093731240872111e-31
28120,9.007717809717269e-32
28160,8.621820088033273e-32
28200,8.621820088033273e-32
28240,7.844155606322293e-32
28280,7.812119185590137e-32
28320,5.55539756772737e-32
28360,4.562528260731734e-32
28400,2.929752331725089e-32
28440,2.929752331725089e-32
28480,2.929752331725089e-32
28520,2.929752331725089e-32
28560,2.929752331725089e-32
28600,2.929752331725089e-32
28640,2.929752331725089e-32
28680,2.8062614289144265e-32
28720,2.5688830050316417e-32
28760,2.519727692686494e-32
28800,2.519727692686494e-32
28840,2.3751114265073948e-32
28880,2.0774327421482497e-32
28920,1.2546244410837842e-32
28960,1.2546244410837842e-32
29000,1.2546244410837842e-32
29040,7.086997184735821e-33
29080,7.086997184735821e-33
29120,7.086997184735821e-33
29160,7.086997184735821e-33
29200,5.3635434854186495e-33
29240,4.5273750905036464e-33
29280,4.5273750905036464e-33
29320,4.5273750905036464e-33
29360,4.175754316261234e-33
29400,3.5104678589452014e-33
29440,2.8738748360432972e-33
29480,2.2038679443344183e-33
29520,2.1654715824731516e-33
29560,2.1654715824731516e-33
29600,2.1654715824731516e-33
29640,2.1654715824731516e-33
29680,1.7875462958653177e-33
29720,1.5733221674029754e-33
29760,1.5733221674029754e-33
29800,9.917643278556015e-34
29840,9.917643278556015e-34
29880,9.917643278556015e-34
29920,9.917643278556015e-34
29960,9.003038709074265e-34
30000,5.459117951852461e-34
30040,5.459117951852461e-34
30080,5.459117951852461e-34
30120,5.459117951852461e-34
30160,5.0464657775470985e-34
30200,5.0464657775470985e-34
30240,4.844372419840351e-34
30280,4.573133126488973e-34
30320,4.573133126488973e-34
30360,3.4819548027589545e-34
30400,3.4819548027589545e-34
30440,3.4819548027589545e-34
30480,2.556515684341614e-34
30520,2.2775112817648087e-34
30560,1.3083629169944236e-34
30600,9.041533894721725e-35
30640,7.254482898412145e-35
30680,5.192076585992183e-35
30720,4.17996251340771e-35
30760,3.9148160200921786e-35
30800,3.9148160200921786e-35
30840,3.9148160200921786e-35
30880,3.9148160200921786e-35
30920,3.586877165064508e-35
30960,3.44991868205401e-35
31000,3.169001958713582e-35
31040,3.139202657632901e-35
31080,2.948115511564981e-35
31120,2.7942558652028883e-35
31160,2.728369795702142e-35
31200,2.6983528525956386e-35
31240,2.6837679782255553e-35
31280,2.67625015854128e-35
31320,2.5670712387170354e-35
31360,2.3944416586240157e-35
31400,2.1275512857100218e-35
31440,2.1149737651485704e-35
31480,2.1149737651485704e-35
31520,1.997330108892019e-35
31560,1.2059087202929563e-35
31600,9.640500816521299e-36
31640,9.640500816521299e-36
31680,9.640500816521299e-36
31720,6.866316002673284e-36
31760,6.674759637533935e-36
31800,6.674759637533935e-36
31840,5.9166356118582254e-36
31880,3.465551381455975e-36
31920,3.465551381455975e-36
31960,3.465551381455975e-36
32000,3.465551381455975e-36
32040,3.333721138784292e-36
32080,2.851065835062456e-36
32120,2.851065835062456e-36
32160,2.8418725079590654e-36
32200,2.1730245521074326e-36
32240,2.1691892479110887e-36
32280,2.1691892479110887e-36
32320,2.0123896641873124e-36
32360,1.974634575483182e-36
32400,1.953714287168269e-36
32440,1.9529358657062493e-36
32480,1.6901966942883043e-36
32520,1.6063533900081258e-36
32560,1.1229855458459672e-36
32600,9.87764261897144e-37
32640,9.87764261897144e-37
32680,9.87764261897144e-37
32720,8.299429088296888e-37
32760,7.648518122036933e-37
32800,7.648518122036933e-37
32840,7.551321740463466e-37
32880,7.551321740463466e-37
32920,5.490544132547705e-37
32960,4.616407299381052e-37
33000,4.616407299381052e-37
33040,4.616407299381052e-37
33080,4.616407299381052e-37
33120,3.649120719214268e-37
33160,3.5410516013126595e-37
33200,2.5091724957710845e-37
33240,2.143320078826164e-37
33280,1.057826901423473e-37
33320,1.057826901423473e-37
33360,7.998562798177227e-38
33400,7.998562798177227e-38
33440,7.998562798177227e-38
33480,7.94878579652143e-38
33520,6.352180718344125e-38
33560,4.739345611052172e-38
33600,4.4311414721231494e-38
33640,4.027063466537652e-38
33680,4.027063466537652e-38
33720,3.8241634161028715e-38
33760,3.8241634161028715e-38
33800,3.8241634161028715e-38
33840,3.7263624004587573e-38
33880,3.7263624004587573e-38
33920,3.069426994043189e-38
33960,2.994443403723469e-38
34000,1.7377434448140709e-38
34040,1.7377434448140709e-38
34080,1.7377434448140709e-38
34120,1.5645711137997529e-38
34160,1.5645711137997529e-38
34200,1.5645711137997529e-38
34240,8.041891704112989e-39
34280,8.041891704112989e-39
34320,7.139597991730667e-39
34360,7.139597991730667e-39
34400,6.391901432790185e-39
34440,6.391901432790185e-39
34480,5.639256346419857e-39
34520,5.469318095713582e-39
34560,4.2040044659075806e-39
34600,4.2040044659075806e-39
34640,4.2040044659075806e-39
34680,2.9359743235516275e-39
34720,2.9359743235516275e-39
34760,2.9359743235516275e-39
34800,2.9359743235516275e-39
34840,2.9149994766475835e-39
34880,1.9646749093378986e-39
34920,1.6798100022400122e-39
34960,1.4212158690357649e-39
35000,1.2046228850692658e-39
35040,1.2004778893466137e-39
35080,1.2004778893466137e-39
35120,1.0269051447364033e-39
35160,8.714490613652939e-40
35200,7.779031757659015e-40
35240,6.380025429184554e-40
35280,6.380025429184554e-40
35320,6.0622937721281655e-40
35360,6.031319665171549e-40
35400,4.735458439520659e-40
35440,4.089804455379062e-40
35480,3.3543556909600836e-40
35520,3.3543556909600836e-40
35560,3.1857455211236983e-40
35600,3.1857455211236983e-40
35640,2.8912910278135913e-40
35680,2.8912910278135913e-40
35720,2.363336251292462e-40
35760,2.1663190211690704e-40
35800,2.1663190211690704e-40
35840,1.8814028135199666e-40
35880,1.8814028135199666e-40
35920,1.8298586361415635e-40
35960,1.666524604408036e-40
36000,1.4250844834510356e-40
36040,1.2260828112188108e-40
36080,1.2260828112188108e-40
36120,1.1281683345662162e-40
36160,9.869836310603258e-41
36200,8.835760101170435e-41
36240,8.835760101170435e-41
36280,6.914868873371808e-41
36320,6.914868873371808e-41
36360,6.914868873371808e-41
36400,6.914868873371808e-41
36440,6.010345729880909e-41
36480,5.842964915669242e-41
36520,2.4309521474380466e-41
36560,2.4309521474380466e-41
36600,2.075951975862488e-41
36640,2.075951975862488e-41
36680,2.075951975862488e-41
36720,1.9547864028344545e-41
36760,1.617984825478862e-41
36800,1.617984825478862e-41
36840,1.617984825478862e-41
36880,9.918721436474214e-42
36920,9.579872595337032e-42
36960,8.049233926193984e-42
37000,6.69835833188472e-42
37040,6.010487216198863e-42
37080,4.200031253318195e-42
37120,4.200031253318195e-42
37160,2.8538644366446518e-42
37200,2.8538644366446518e-42
37240,2.3509316951182216e-42
37280,2.3509316951182216e-42
37320,2.318015829136892e-42
37360,2.2426244159756924e-42
37400,1.8987425733957573e-42
37440,1.6384046142274462e-42
37480,1.5448399980648327e-42
37520,1.5448399980648327e-42
37560,1.127132453051809e-42
37600,1.127132453051809e-42
37640,1.127132453051809e-42
37680,1.127132453051809e-42
37720,9.854877383306597e-43
37760,8.560706354431512e-43
37800,8.560706354431512e-43
37840,8.560706354431512e-43
37880,6.3075955541490995e-43
37920,6.3075955541490995e-43
37960,6.3075955541490995e-43
38000,4.211308918402569e-43
38040,4.211308918402569e-43
38080,3.1623964154679822e-43
38120,2.646862160663542e-43
38160,2.577851911199997e-43
38200,2.577851911199997e-43
38240,2.577851911199997e-43
38280,1.5849653700972387e-43
38320,1.5849653700972387e-43
38360,1.499043373138507e-43
38400,9.984240689418476e-44
38440,9.393445549896342e-44
38480,9.393445549896342e-44
38520,8.744565998745348e-44
38560,8.744565998745348e-44
38600,8.069484142552418e-44
38640,4.834267442747653e-44
38680,4.834267442747653e-44
38720,4.834267442747653e-44
38760,4.834267442747653e-44
38800,4.54846986503893e-44
38840,3.509760772688391e-44
38880,3.3950946310720163e-44
38920,2.4155214446374433e-44
38960,2.4155214446374433e-44
39000,2.2473884283237196e-44
39040,2.2473884283237196e-44
39080,2.032090194284114e-44
39120,1.787949019152691e-44
39160,1.6111271298007144e-44
39200,1.5961764013849028e-44
39240,1.426972658861068e-44
39280,1.426972658861068e-44
39320,1.1546625233864596e-44
39360,1.1546625233864596e-44
39400,1.0924546829291094e-44
39440,1.0924546829291094e-44
39480,8.420612392874897e-45
39520,8.420612392874897e-45
39560,8.420612392874897e-45
39600,4.487282263772725e-45
39640,3.4744868696855015e-45
39680,3.4550588485735567e-45
39720,2.9275039695121326e-45
39760,2.794263306236385e-45
39800,2.794263306236385e-45
39840,2.5565345414528284e-45
39880,2.0768547814491364e-45
39920,2.0569348693197977e-45
39960,2.0569348693197977e-45
40000,2.0569348693197977e-45
40040,2.0443149775154177e-45
40080,2.0108798314170908e-45
40120,1.9963434064976565e-45
40160,1.989610430132238e-45
40200,1.8326955200259508e-45
40240,1.7416640141329325e-45
40280,1.5571128172109885e-45
40320,1.446149531487117e-45
40360,1.1420631721399777e-45
40400,8.646080343936405e-46
40440,7.75833255246122e-46
40480,6.9996630513159654e-46
40520,6.9996630513159654e-46
40560,5.67705433359605e-46
40600,5.266087992007119e-46
40640,4.140095589407714e-46
40680,3.2044633728712432e-46
40720,3.2044633728712432e-46
40760,3.2044633728712432e-46
40800,2.775119779053805e-46
40840,2.775119779053805e-46
40880,2.775119779053805e-46
40920,2.562633781250782e-46
40960,2.562633781250782e-46
41000,2.546860783704031e-46
41040,1.1875823306035752e-46
41080,1.1875823306035752e-46
41120,6.805385311431649e-47
41160,5.327726238938041e-47
41200,4.523935951023305e-47
41240,4.523935951023305e-47
41280,4.409808334373846e-47
41320,4.409808334373846e-47
41360,4.236780585731483e-47
41400,4.2118227986749717e-47
41440,3.9751355952758206e-47
41480,3.8822232592614065e-47
41520,2.895278829272909e-47
41560,2.895278829272909e-47
41600,2.300159010603148e-47
41640,2.300159010603148e-47
41680,2.300159010603148e-47
41720,2.0865431097983115e-47
41760,2.0865431097983115e-47
41800,2.0865431097983115e-47
41840,2.0865431097983115e-47
41880,1.3475377338707257e-47
41920,1.3475377338707257e-47
41960,1.2610853105770868e-47
42000,1.054740055630804e-47
42040,9.867261236795099e-48
42080,9.660033240746647e-48
42120,6.93459577118968e-48
42160,6.93459577118968e-48
42200,5.899134766793e-48
42240,5.204133356008994e-48
42280,4.979194100137929e-48
42320,4.730347471034973e-48
42360,3.976264173355386e-48
42400,3.976264173355386e-48
42440,3.681573289003233e-48
42480,3.681573289003233e-48
42520,2.5772236917526833e-48
42560,2.5772236917526833e-48
42600,2.0211590779310646e-48
42640,2.0211590779310646e-48
42680,2.0211590779310646e-48
42720,2.0211590779310646e-48
42760,2.0211590779310646e-48
42800,2.0211590779310646e-48
42840,2.0211590779310646e-48
42880,1.9424376937183874e-48
42920,1.775755465701985e-48
42960,1.5259017847264586e-48
43000,1.1670697933573135e-48
43040,1.1058072434104466e-48
43080,1.0083932288326045e-48
43120,1.0083932288326045e-48
43160,8.812805607391476e-49
43200,7.830188471436122e-49
43240,4.5720568467695766e-49
43280,4.5720568467695766e-49
43320,3.2928233271522996e-49
43360,2.35339122514705e-49
43400,2.35339122514705e-49
43440,2.258905752659087e-49
43480,2.148392692278999e-49
43520,2.1032461737814236e-49
43560,1.948315772098753e-49
43600,1.834101821949181e-49
43640,1.7320493276759467e-49
43680,1.7226559857483997e-49
43720,1.7226559857483997e-49
43760,1.6576327510960782e-49
43800,1.2248652770247983e-49
43840,1.2248652770247983e-49
43880,1.149672848852334e-49
43920,1.149672848852334e-49
43960,8.54640928396113e-50
44000,7.683379496072644e-50
44040,7.683379496072644e-50
44080,6.90190240415665e-50
44120,6.686025006195811e-50
44160,5.27906178637107e-50
44200,5.14796679482827e-50
44240,5.14796679482827e-50
44280,4.341272972608e-50
44320,4.2457125184823164e-50
44360,4.2457125184823164e-50
44400,3.9943661984983825e-50
44440,3.6185911728617737e-50
44480,3.328287628585823e-50
44520,3.328287628585823e-50
44560,2.56533861210324e-50
44600,2.3140445348432055e-50
44640,2.0373309922138699e-50
44680,7.444097608157949e-51
44720,7.444097608157949e-51
44760,7.444097608157949e-51
44800,7.444097608157949e-51
44840,6.326951558084262e-51
44880,6.326951558084262e-51
44920,6.326951558084262e-51
44960,6.326951558084262e-51
45000,6.326951558084262e-51
45040,5.981220683735067e-51
45080,5.775354664433111e-51
45120,5.775354664433111e-51
45160,5.775354664433111e-51
45200,3.5606812632797505e-51
45240,3.5606812632797505e-51
45280,3.5606812632797505e-51
45320,3.5606812632797505e-51
45360,3.5606812632797505e-51
45400,2.879148011508359e-51
45440,2.879148011508359e-51
45480,2.5862932556231832e-51
45520,2.5862932556231832e-51
45560,2.1050928208661594e-51
45600,2.1050928208661594e-51
45640,1.960496656684794e-51
45680,1.6567840613697857e-51
45720,1.1513033701972667e-51
45760,9.160710348667395e-52
45800,8.315762082235928e-52
45840,4.694952346737441e-52
45880,4.694952346737441e-52
45920,4.694952346737441e-52
45960,3.407501834823396e-52
46000,3.407501834823396e-52
46040,3.407501834823396e-52
46080,3.407501834823396e-52
46120,2.1732224197551884e-52
46160,2.1732224197551884e-52
46200,2.078211888378423e-52
46240,2.078211888378423e-52
46280,2.078211888378423e-52
46320,2.078211888378423e-52
46360,2.078211888378423e-52
46400,2.078211888378423e-52
46440,2.078211888378423e-52
46480,1.7363413208126725e-52
46520,1.5668525960025934e-52
46560,1.5668525960025934e-52
46600,1.254032453142303e-52
46640,9.538741098795653e-53
46680,4.186565805629069e-53
46720,4.186565805629069e-53
46760,4.186565805629069e-53
46800,4.186565805629069e-53
46840,3.950325334188127e-53
46880,3.950325334188127e-53
46920,3.950325334188127e-53
46960,3.861147450431156e-53
47000,3.108866911397504e-53
47040,3.108866911397504e-53
47080,3.108866911397504e-53
47120,3.108866911397504e-53
47160,2.2092809902509944e-53
47200,1.3822165338266951e-53
47240,1.3822165338266951e-53
47280,1.3822165338266951e-53
47320,1.1695946829637797e-53
47360,1.1695946829637797e-53
47400,8.703718959846571e-54
47440,8.703718959846571e-54
47480,8.703718959846571e-54
47520,8.703718959846571e-54
47560,8.703718959846571e-54
47600,8.080543397543336e-54
47640,7.779507357022291e-54
47680,6.423299946190162e-54
47720,6.423299946190162e-54
47760,4.025091878862533e-54
47800,2.82526002685238e-54
47840,2.644529805318392e-54
47880,2.644529805318392e-54
47920,2.5139524749014246e-54
47960,1.7196685972989373e-54
48000,1.7196685972989373e-54
48040,1.62898313460932e-54
48080,1.5680278685616277e-54
48120,1.5236085527991895e-54
48160,1.5236085527991895e-54
48200,1.1547486950954698e-54
48240,1.1301670780154448e-54
48280,1.0899686086038459e-54
48320,1.0899686086038459e-54
48360,1.0855362267429653e-54
48400,1.0715200130021826e-54
48440,1.0080060159784825e-54
48480,9.728524584753625e-55
48520,9.728524584753625e-55
48560,9.728524584753625e-55
48600,9.728524584753625e-55
48640,8.390167427482174e-55
48680,7.81127980773273e-55
48720,6.134843047713149e-55
48760,5.9851854819390705e-55
48800,5.423302133568173e-55
48840,5.281424140192216e-55
48880,4.837954992366719e-55
48920,4.654397751971156e-55
48960,4.466161126247597e-55
49000,3.93634411297721e-55
49040,2.109890744148706e-55
49080,1.991901548979927e-55
49120,1.991901548979927e-55
49160,1.991901548979927e-55
49200,1.7215638433388423e-55
49240,1.7215638433388423e-55
49280,1.2527673828317344e-55
49320,1.2527673828317344e-55
49360,1.1418423518757568e-55
49400,1.1418423518757568e-55
49440,1.015701332954873e-55
49480,1.015701332954873e-55
49520,9.154214875900805e-56
49560,6.088196493827811e-56
49600,6.088196493827811e-56
49640,6.088196493827811e-56
49680,6.088196493827811e-56
49720,4.244364574484904e-56
49760,4.244364574484904e-56
49800,4.244364574484904e-56
49840,4.065436778253664e-56
49880,3.22577804624343e-56
49920,3.22577804624343e-56
49960,2.792271869695856e-56
50000,2.792271869695856e-56
50040,1.999121662116535e-56
50080,1.3646394569648976e-56
50120,1.3646394569648976e-56
50160,1.3646394569648976e-56
50200,1.3646394569648976e-56
50240,1.3646394569648976e-56
50280,9.476791239058794e-57
50320,7.032631121900645e-57
50360,7.032631121900645e-57
50400,7.032631121900645e-57
50440,7.032631121900645e-57
50480,7.032631121900645e-57
50520,7.032631121900645e-57
50560,6.487194123490604e-57
50600,6.472080987057817e-57
50640,3.999450294593209e-57
50680,3.833139492708586e-57
50720,3.833139492708586e-57
50760,3.833139492708586e-57
50800,3.307002700450216e-57
50840,2.9097247404925755e-57
50880,2.9097247404925755e-57
50920,2.6470419889916556e-57
50960,2.582747826720106e-57
51000,2.4169217176741668e-57
51040,2.2782137741787753e-57
51080,1.6702081404010085e-57
51120,1.0745713436740049e-57
51160,9.201751598865122e-58
51200,5.872174174769795e-58
51240,5.872174174769795e-58
51280,5.84662701195433e-58
51320,5.84662701195433e-58
51360,5.1520721965806665e-58
51400,5.078251520171871e-58
51440,5.073245890530013e-58
51480,5.073245890530013e-58
51520,4.723242140102009e-58
51560,3.5025348541453525e-58
51600,3.5025348541453525e-58
51640,3.5025348541453525e-58
51680,2.6322695957532014e-58
51720,2.520325678814013e-58
51760,2.1047787463762753e-58
51800,2.1047787463762753e-58
51840,2.1047787463762753e-58
51880,1.9658585407938788e-58
51920,1.6772642626164127e-58
51960,1.4469214370102895e-58
52000,1.1787537404056407e-58
52040,9.32336409191538e-59
52080,8.9209937529964e-59
52120,8.824992253571037e-59
52160,6.932275282110122e-59
52200,5.904472606787823e-59
52240,5.607066079881474e-59
52280,5.5435611919209924e-59
52320,5.5435611919209924e-59
52360,5.5435611919209924e-59
52400,5.134906645316749e-59
52440,4.403847132004326e-59
52480,4.403847132004326e-59
52520,4.403847132004326e-59
52560,3.7460070929202515e-59
52600,2.8682847577908243e-59
52640,2.8682847577908243e-59
52680,2.503827744429726e-59
52720,1.1900900807259577e-59
52760,1.1900900807259577e-59
52800,1.1900900807259577e-59
52840,1.1054498466056013e-59
52880,1.1054498466056013e-59
52920,1.0752185909982907e-59
52960,9.605434830998119e-60
53000,7.900251365631503e-60
53040,7.900251365631503e-60
53080,7.719422402092187e-60
53120,7.719422402092187e-60
53160,7.438670138387466e-60
53200,7.438670138387466e-60
53240,7.406647462191359e-60
53280,7.177492457615849e-60
53320,6.962332437136434e-60
53360,6.334834333227745e-60
53400,5.587093870483221e-60
53440,5.480122687194114e-60
53480,4.8472163790029525e-60
53520,4.274436042585672e-60
53560,2.4759062815422398e-60
53600,1.868302827977772e-60
53640,1.8265044015198768e-60
53680,1.8265044015198768e-60
53720,9.4057813565595e-61
53760,9.4057813565595e-61
53800,9.4057813565595e-61
53840,9.4057813565595e-61
53880,7.259829404611775e-61
53920,6.26494519955384e-61
53960,5.682219562633998e-61
54000,5.682219562633998e-61
54040,4.565902595807386e-61
54080,3.784034618535763e-61
54120,3.416452676892781e-61
54160,3.204358317096408e-61
54200,1.5043457019164677e-61
54240,1.4909041342993593e-61
54280,1.4909041342993593e-61
54320,1.2839693061081481e-61
54360,1.2541800814173653e-61
54400,1.0561893829054832e-61
54440,9.988305419074451e-62
54480,9.988305419074451e-62
54520,9.003805205130064e-62
54560,8.234902724109323e-62
54600,7.768330224200493e-62
54640,7.768330224200493e-62
54680,7.371808425072178e-62
54720,7.121661537128655e-62
54760,6.000230294231377e-62
54800,4.5968581038825245e-62
54840,4.5968581038825245e-62
54880,3.4025689743412525e-62
54920,3.013493099676785e-62
54960,3.008907114660479e-62
55000,3.008907114660479e-62
55040,2.9552822728579848e-62
55080,1.7909418712521964e-62
55120,1.2093365645031143e-62
55160,1.2093365645031143e-62
55200,1.2093365645031143e-62
55240,1.021654074148695e-62
55280,1.021654074148695e-62
55320,9.976510434344822e-63
55360,9.976510434344822e-63
55400,9.976510434344822e-63
55440,5.108403078554589e-63
55480,3.72165903869704e-63
55520,3.72165903869704e-63
55560,3.72165903869704e-63
55600,3.609443347866593e-63
55640,3.609443347866593e-63
55680,3.4387744515309786e-63
55720,3.277505450370495e-63
55760,2.953706831438942e-63
55800,2.8734391658248084e-63
55840,2.8140063508014835e-63
55880,2.789092329704969e-63
55920,2.2537197308877104e-63
55960,2.2537197308877104e-63
56000,2.1805411418993655e-63
56040,2.107981000310617e-63
56080,1.6135711494450748e-63
56120,1.4260850844773742e-63
56160,1.117278454646948e-63
56200,1.117278454646948e-63
56240,1.1001116824098179e-63
56280,9.477878955428305e-64
56320,9.477878955428305e-64
56360,8.565319333301811e-64
56400,8.565319333301811e-64
56440,8.346903514210123e-64
56480,8.12761292647113e-64
56520,8.12761292647113e-64
56560,7.401692664701055e-64
56600,7.401692664701055e-64
56640,6.061440615214435e-64
56680,6.061440615214435e-64
56720,4.8385226168655526e-64
56760,4.8385226168655526e-64
56800,4.8385226168655526e-64
56840,4.8385226168655526e-64
56880,4.511852031007396e-64
56920,3.216080155466375e-64
56960,3.216080155466375e-64
57000,2.964002846289457e-64
57040,2.964002846289457e-64
57080,2.2566110556257664e-64
57120,1.9983708844461284e-64
57160,1.9454001739162617e-64
57200,1.4680338671667694e-64
57240,1.4680338671667694e-64
57280,1.4680338671667694e-64
57320,1.4680338671667694e-64
57360,1.235452937271879e-64
57400,1.1828435902983831e-64
57440,9.170539804312182e-65
57480,7.629451250690954e-65
57520,7.097363561988558e-65
57560,6.660144248123717e-65
57600,5.096456811624303e-65
57640,5.054535525123175e-65
57680,4.522326682924751e-65
57720,4.487812768361227e-65
57760,4.278644130569956e-65
57800,3.4216821945188463e-65
57840,3.2222504813778124e-65
57880,2.4319591469951537e-65
57920,2.4319591469951537e-65
57960,2.4319591469951537e-65
58000,2.182457497339781e-65
58040,1.9038070126908237e-65
58080,1.9038070126908237e-65
58120,1.8256061224292213e-65
58160,1.5937680508363025e-65
58200,1.2492292745581654e-65
58240,1.0169677602018447e-65
58280,1.0169677602018447e-65
58320,9.837444830662392e-66
58360,9.738886861972169e-66
58400,8.873022324450134e-66
58440,7.018661008478025e-66
58480,5.999482323633047e-66
58520,3.9437664541346236e-66
58560,3.9437664541346236e-66
58600,3.248825193758214e-66
58640,3.205605936982521e-66
58680,3.000577501708135e-66
58720,2.8927294880111294e-66
58760,2.4453092935902873e-66
58800,2.3472729563810538e-66
58840,2.2839219863727508e-66
58880,2.2541739007088555e-66
58920,2.1875388144717032e-66
58960,2.124419896389628e-66
59000,2.0881013839579758e-66
59040,1.8417692491612446e-66
59080,1.8417692491612446e-66
59120,1.0130441185281333e-66
59160,1.0130441185281333e-66
59200,1.0130441185281333e-66
59240,1.0130441185281333e-66
59280,8.146649991431029e-67
59320,6.673482574490267e-67
59360,6.673482574490267e-67
59400,4.853677716637446e-67
59440,4.560326161915921e-67
59480,4.560326161915921e-67
59520,4.428280920236817e-67
59560,4.428280920236817e-67
59600,4.3666566794725063e-67
59640,3.7358721183225776e-67
59680,3.7358721183225776e-67
59720,3.41831770473638e-67
59760,1.4390397069290551e-67
59800,1.3955231740537416e-67
59840,8.475700938707349e-68
59880,8.438073289415965e-68
59920,5.5794321567022875e-68
59960,2.6287589390798822e-68
60000,2.6287589390798822e-68
60040,2.6287589390798822e-68
60080,2.6287589390798822e-68
60120,1.394062344577535e-68
60160,1.394062344577535e-68
60200,1.394062344577535e-68
60240,1.2597981229933076e-68
60280,1.2597981229933076e-68
60320,1.201583671815573e-68
60360,1.201583671815573e-68
60400,1.1505096502349003e-68
60440,1.1505096502349003e-68
60480,1.1505096502349003e-68
60520,1.1404108903469266e-68
60560,1.0236948082897136e-68
60600,9.325195213478061e-69
60640,9.010631879063985e-69
60680,7.690799365201487e-69
60720,6.471245676648441e-69
60760,5.457101195648207e-69
60800,3.8071548691968397e-69
60840,1.8348475795387288e-69
60880,1.8348475795387288e-69
60920,1.8348475795387288e-69
60960,1.8348475795387288e-69
61000,1.8348475795387288e-69
61040,1.7382513290527747e-69
61080,1.5491586905895935e-69
61120,1.377782191134795e-69
61160,1.305714884087692e-69
61200,1.0637950155771536e-69
61240,1.0037784589423053e-69
61280,9.984172561711271e-70
61320,9.984172561711271e-70
61360,9.984172561711271e-70
61400,9.604047848670656e-70
61440,9.342641118263566e-70
61480,5.657134624888275e-70
61520,5.657134624888275e-70
61560,4.466705738635114e-70
61600,4.466705738635114e-70
61640,4.466705738635114e-70
61680,4.466705738635114e-70
61720,3.927345680394444e-70
61760,3.485128852103682e-70
61800,3.311224367064987e-70
61840,2.731713590279665e-70
61880,1.9537269340951078e-70
61920,1.9537269340951078e-70
61960,1.3743014835498185e-70
62000,1.1878874360816965e-70
62040,8.449530816634236e-71
62080,6.26709822966502e-71
62120,6.038112938917396e-71
62160,6.038112938917396e-71
62200,6.038112938917396e-71
62240,5.543392843232299e-71
62280,5.543392843232299e-71
62320,5.021519613127695e-71
62360,5.021519613127695e-71
62400,4.521281825561404e-71
62440,4.521281825561404e-71
62480,4.521281825561404e-71
62520,4.131708450985896e-71
62560,1.841037599275624e-71
62600,1.841037599275624e-71
62640,1.841037599275624e-71
62680,1.841037599275624e-71
62720,1.841037599275624e-71
62760,1.73861913347249e-71
62800,1.73861913347249e-71
62840,1.73861913347249e-71
62880,1.5856494468062096e-71
62920,1.3873895552759978e-71
62960,1.3067334153279623e-71
63000,1.211295342818418e-71
63040,1.10055728721734e-71
63080,1.0424661996960353e-71
63120,9.740258806728148e-72
63160,5.129383060110273e-72
63200,5.129383060110273e-72
63240,5.129383060110273e-72
63280,5.129383060110273e-72
63320,5.011875721346966e-72
63360,5.011875721346966e-72
63400,3.881669731683096e-72
63440,3.881669731683096e-72
63480,3.6377460825792795e-72
63520,3.236446260291844e-72
63560,2.896627669795504e-72
63600,2.791407284704369e-72
63640,2.6002163743952883e-72
63680,2.124724576384652e-72
63720,2.0694765962105248e-72
63760,2.0694765962105248e-72
63800,2.0144618690713147e-72
63840,1.4450614069404114e-72
63880,1.4344746462420274e-72
63920,1.176701305408197e-72
63960,9.549333076072996e-73
64000,9.351454230529353e-73
64040,8.846797447159144e-73
64080,8.846797447159144e-73
64120,7.73654309690053e-73
64160,6.14540979049979e-73
64200,6.14540979049979e-73
64240,5.723559260204925e-73
64280,5.446199550750439e-73
64320,5.446199550750439e-73
64360,4.243483183347933e-73
64400,3.2061841206979804e-73
64440,2.5719150220984767e-73
64480,2.5719150220984767e-73
64520,2.3392618107955934e-73
64560,2.3392618107955934e-73
64600,1.8844344542585693e-73
64640,1.8844344542585693e-73
64680,1.5070694648967977e-73
64720,1.3423781889611094e-73
64760,1.3423781889611094e-73
64800,1.2794205067301062e-73
64840,1.0342459637405061e-73
64880,1.018797734610209e-73
64920,9.15193968043318e-74
64960,8.322947766032211e-74
65000,8.322947766032211e-74
65040,8.322947766032211e-74
65080,8.010574803296937e-74
65120,5.102341520095754e-74
65160,5.098386118507958e-74
65200,3.741190224481661e-74
65240,3.4315514419335664e-74
65280,3.4315514419335664e-74
65320,3.4315514419335664e-74
65360,3.209417805681263e-74
65400,1.8820194299353356e-74
65440,1.408290349463424e-74
65480,1.408290349463424e-74
65520,1.408290349463424e-74
65560,1.408290349463424e-74
65600,1.408290349463424e-74
65640,7.323973948438163e-75
65680,7.036518250353414e-75
65720,7.036518250353414e-75
65760,7.036518250353414e-75
65800,6.7658815568845755e-75
65840,6.7658815568845755e-75
65880,6.7658815568845755e-75
65920,6.439572205212583e-75
65960,5.791355282082832e-75
66000,5.172155266870951e-75
66040,5.172155266870951e-75
66080,4.835462490674701e-75
66120,4.1418005037007267e-75
66160,3.018072585898233e-75
66200,2.7023436474342875e-75
66240,2.4055128864146695e-75
66280,2.1948948941409902e-75
66320,2.178698727115774e-75
66360,1.8925833028362334e-75
66400,1.8039657561253685e-75
66440,1.8039657561253685e-75
66480,1.731255389976542e-75
66520,1.6072943247406684e-75
66560,1.0150699885066376e-75
66600,1.0150699885066376e-75
66640,1.0150699885066376e-75
66680,7.317615947526844e-76
66720,7.317615947526844e-76
66760,6.19296068927828e-76
66800,6.19296068927828e-76
66840,6.19296068927828e-76
66880,6.19296068927828e-76
66920,5.770619855638425e-76
66960,5.770619855638425e-76
67000,5.646178077682042e-76
67040,3.891541704350644e-76
67080,3.891541704350644e-76
67120,1.5889060378654675e-76
67160,1.5889060378654675e-76
67200,1.5889060378654675e-76
67240,1.5889060378654675e-76
67280,1.5889060378654675e-76
67320,1.2517314066076797e-76
67360,9.978032354485366e-77
67400,9.978032354485366e-77
67440,9.978032354485366e-77
67480,9.978032354485366e-77
67520,8.064666756424278e-77
67560,6.055552395371667e-77
67600,6.055552395371667e-77
67640,6.055552395371667e-77
67680,6.055552395371667e-77
67720,6.055552395371667e-77
67760,6.025389171743044e-77
67800,6.025389171743044e-77
67840,6.025389171743044e-77
67880,5.9436160524293325e-77
67920,5.476430739225702e-77
67960,3.916366180226158e-77
68000,2.734199088270261e-77
68040,1.8145481282654764e-77
68080,1.4557392058357845e-77
68120,1.3099272476643137e-77
68160,1.1767737969410078e-77
68200,1.1767737969410078e-77
68240,1.1767737969410078e-77
68280,1.1767737969410078e-77
68320,1.078053665773953e-77
68360,7.959935034744647e-78
68400,6.43679498980648e-78
68440,5.691709319956947e-78
68480,5.538454525226939e-78
68520,5.412450907802288e-78
68560,4.428336566120345e-78
68600,4.0160150085962217e-78
68640,4.0160150085962217e-78
68680,3.6837522803002895e-78
68720,3.054397644526202e-78
68760,2.9848176582862966e-78
68800,2.515744396024401e-78
68840,2.0779843196537054e-78
68880,1.919335055257484e-78
68920,1.919335055257484e-78
68960,1.3487205997033952e-78
69000,1.3487205997033952e-78
69040,1.3487205997033952e-78
69080,1.3487205997033952e-78
69120,1.285878359177265e-78
69160,1.084658864715228e-78
69200,1.084658864715228e-78
69240,9.276401342648863e-79
69280,9.276401342648863e-79
69320,9.276401342648863e-79
69360,6.771007525094427e-79
69400,6.474269057312585e-79
69440,5.861750682589203e-79
69480,4.789605783063259e-79
69520,4.1518123230619175e-79
69560,3.635435776684218e-79
69600,3.635435776684218e-79
69640,3.635435776684218e-79
69680,3.635435776684218e-79
69720,3.031679366803441e-79
69760,2.2978982994599856e-79
69800,1.822018321951877e-79
69840,1.822018321951877e-79
69880,1.670828074306721e-79
69920,1.3011048717634559e-79
69960,1.0548593268134673e-79
70000,9.456381273824452e-80
70040,9.061756605181407e-80
70080,5.795272116066206e-80
70120,5.249194739961273e-80
70160,5.249194739961273e-80
70200,4.774458340770604e-80
70240,4.710572105864595e-80
70280,4.361163580751922e-80
70320,3.7998564190818705e-80
70360,3.533224090646079e-80
70400,2.677701189179691e-80
70440,2.3432106542873443e-80
70480,2.206892687507431e-80
70520,2.1482773949354617e-80
70560,2.1214513948908326e-80
70600,2.108359338043533e-80
70640,2.1015853794797668e-80
70680,1.8502934004608824e-80
70720,1.7335047931885637e-80
70760,1.1373908577604504e-80
70800,1.1373908577604504e-80
70840,1.1373908577604504e-80
70880,1.0988524338886072e-80
70920,1.071012328237802e-80
70960,9.521779161116355e-81
71000,8.010044184921609e-81
71040,6.832663487715574e-81
71080,6.4951761320191725e-81
71120,6.425502501147129e-81
71160,6.425502501147129e-81
71200,6.1239840800404415e-81
71240,5.773261092759557e-81
71280,5.703679669432523e-81
71320,4.706405763281982e-81
71360,4.108127278502433e-81
71400,3.819545606865443e-81
71440,3.7112252276227015e-81
71480,3.7044095521615307e-81
71520,3.7044095521615307e-81
71560,3.4449056031718623e-81
71600,2.655896569585066e-81
71640,2.2249853559192364e-81
71680,1.9812275701325371e-81
71720,1.3748038024691565e-81
71760,1.3748038024691565e-81
71800,1.3748038024691565e-81
71840,1.3625641697495682e-81
71880,1.2710851163776408e-81
71920,1.1473290296157767e-81
71960,1.0248019100945941e-81
72000,1.0248019100945941e-81
72040,1.0248019100945941e-81
72080,9.80499313219758e-82
72120,8.149770126223301e-82
72160,6.970924264974997e-82
72200,6.970924264974997e-82
72240,5.910471209039965e-82
72280,5.544538328516885e-82
72320,5.29352077380978e-82
72360,3.6637677163506036e-82
72400,3.6637677163506036e-82
72440,3.109417795341537e-82
72480,2.7469614472065103e-82
72520,9.575837037148861e-83
72560,9.575837037148861e-83
72600,6.86213755240394e-83
72640,6.86213755240394e-83
72680,6.86213755240394e-83
72720,6.86213755240394e-83
72760,6.133870743881302e-83
72800,5.70867461290971e-83
72840,5.70867461290971e-83
72880,5.527825446239678e-83
72920,3.694611520441342e-83
72960,3.694611520441342e-83
73000,3.063373091450574e-83
73040,2.497460243318879e-83
73080,2.2415552440320254e-83
73120,2.1181236199130916e-83
73160,2.054904740604876e-83
73200,1.8656270602151854e-83
73240,1.8605677768585822e-83
73280,1.8013135759650583e-83
73320,1.8013135759650583e-83
73360,1.8013135759650583e-83
73400,1.5992894027459411e-83
73440,1.5992894027459411e-83
73480,1.1888810377257043e-83
73520,1.0062288363142767e-83
73560,1.0037830294347158e-83
73600,1.0037830294347158e-83
73640,1.0037830294347158e-83
73680,8.395938828675564e-84
73720,7.803097856995823e-84
73760,6.374553113180016e-84
73800,4.647467042710687e-84
73840,4.647467042710687e-84
73880,4.647467042710687e-84
73920,2.844447555187736e-84
73960,1.3467072559981958e-84
74000,1.3210472744625166e-84
74040,1.3210472744625166e-84
74080,1.3210472744625166e-84
74120,1.298402659158484e-84
74160,9.901534511890869e-85
74200,9.901534511890869e-85
74240,9.901534511890869e-85
74280,9.29040967692758e-85
74320,9.29040967692758e-85
74360,9.264121517395163e-85
74400,6.213078596565356e-85
74440,6.213078596565356e-85
74480,5.82650486754076e-85
74520,5.82650486754076e-85
74560,4.126182400444605e-85
74600,4.126182400444605e-85
74640,4.126182400444605e-85
74680,4.100484931575681e-85
74720,2.7854286659115525e-85
74760,2.7854286659115525e-85
74800,2.7854286659115525e-85
74840,2.75886479485563e-85
74880,2.0475932251825186e-85
74920,2.0475932251825186e-85
74960,2.0475932251825186e-85
75000,1.471012052356715e-85
75040,1.407855979981388e-85
75080,8.080201450853537e-86
75120,8.080201450853537e-86
75160,8.080201450853537e-86
75200,7.498565129895379e-86
75240,6.804111564259868e-86
75280,6.804111564259868e-86
75320,6.804111564259868e-86
75360,1.5293296529712945e-86
75400,1.2927489774959832e-86
75440,1.2927489774959832e-86
75480,8.534493422127556e-87
75520,6.745931952223757e-87
75560,6.745931952223757e-87
75600,6.745931952223757e-87
75640,6.745931952223757e-87
75680,6.393080781479541e-87
75720,5.996922452781787e-87
75760,5.274995200359112e-87
75800,5.274995200359112e-87
75840,5.274995200359112e-87
75880,5.274995200359112e-87
75920,5.274995200359112e-87
75960,5.274995200359112e-87
76000,5.274995200359112e-87
76040,5.266445946371606e-87
76080,5.236760222246646e-87
76120,5.145893772178664e-87
76160,5.145893772178664e-87
76200,5.145893772178664e-87
76240,3.6217634505418565e-87
76280,3.1845380602133565e-87
76320,1.8352783486359093e-87
76360,1.8352783486359093e-87
76400,1.8352783486359093e-87
76440,1.3573928473629234e-87
76480,1.0928141747103803e-87
76520,1.0928141747103803e-87
76560,1.0928141747103803e-87
76600,1.0059485830685531e-87
76640,8.771715249748876e-88
76680,8.497816790195602e-88
76720,7.646184358571483e-88
76760,7.646184358571483e-88
76800,7.646184358571483e-88
76840,6.305200356478107e-88
76880,6.305200356478107e-88
76920,6.305200356478107e-88
76960,6.305200356478107e-88
77000,5.736474138141609e-88
77040,5.736474138141609e-88
77080,5.736474138141609e-88
77120,5.602069604665782e-88
77160,5.39343443752388e-88
77200,4.876681702811294e-88
77240,3.715476510191856e-88
77280,3.715476510191856e-88
77320,3.715476510191856e-88
77360,3.4728230635009143e-88
77400,2.968987891688653e-88
77440,1.8335417761262708e-88
77480,1.4474569697771643e-88
77520,1.322071916643497e-88
77560,1.285096583806583e-88
77600,1.1759397376369722e-88
77640,1.0832929249745758e-88
77680,8.202785137055903e-89
77720,7.124483861372803e-89
77760,6.657425765058036e-89
77800,6.44196306814341e-89
77840,6.269020109498601e-89
77880,5.525032596458333e-89
77920,5.035689038941269e-89
77960,4.4547881328131936e-89
78000,4.1440846874374e-89
78040,4.1440846874374e-89
78080,4.088581002293474e-89
78120,4.037894545588468e-89
78160,3.539117781040213e-89
78200,3.539117781040213e-89
78240,3.0779967721395714e-89
78280,2.3813825970328188e-89
78320,2.260019246664109e-89
78360,2.19378705242192e-89
78400,1.9868509734283776e-89
78440,1.9868509734283776e-89
78480,1.9868509734283776e-89
78520,1.9036584344524976e-89
78560,1.8824825655985462e-89
78600,1.4664551671386589e-89
78640,1.08687344887913e-89
78680,1.0175168058473884e-89
78720,8.889456265125177e-90
78760,8.297822137864518e-90
78800,8.176902968315544e-90
78840,5.829301257414827e-90
78880,5.829301257414827e-90
78920,5.697410976535472e-90
78960,5.697410976535472e-90
79000,5.697410976535472e-90
79040,4.023287424243319e-90
79080,4.023287424243319e-90
79120,3.0242123203760446e-90
79160,3.0242123203760446e-90
79200,3.0242123203760446e-90
79240,2.084689413855795e-90
79280,1.7571305207150586e-90
79320,1.2556646128506264e-90
79360,1.109795300501914e-90
79400,1.047615811538653e-90
79440,1.047615811538653e-90
79480,9.448901643137619e-91
79520,6.563815438709184e-91
79560,6.508629157747253e-91
79600,6.508629157747253e-91
79640,5.278111351921479e-91
79680,4.792804943879916e-91
79720,4.267303573243115e-91
79760,4.267303573243115e-91
79800,4.267303573243115e-91
79840,3.360856996135494e-91
79880,3.360856996135494e-91
79920,3.1847280361532833e-91
79960,2.6980380264367e-91
80000,2.6980380264367e-91
80040,2.2905610214996558e-91
80080,1.8539573060455874e-91
80120,1.0555047513157e-91
80160,1.0555047513157e-91
80200,1.0555047513157e-91
80240,1.0555047513157e-91
80280,8.471465209395973e-92
80320,8.471465209395973e-92
80360,8.471465209395973e-92
80400,8.471465209395973e-92
80440,6.761416826745406e-92
80480,5.7560143132395964e-92
80520,5.614366477037793e-92
80560,5.215501150879129e-92
80600,4.9113581874044194e-92
80640,4.808985756812261e-92
80680,4.776403103554328e-92
80720,4.767236201434617e-92
80760,2.3616476706613655e-92
80800,2.3616476706613655e-92
80840,2.3616476706613655e-92
80880,2.3616476706613655e-92
80920,2.141562314640362e-92
80960,1.6179874259515128e-92
81000,1.6179874259515128e-92
81040,1.6179874259515128e-92
81080,1.6179874259515128e-92
81120,1.014089889861644e-92
81160,1.014089889861644e-92
81200,1.014089889861644e-92
81240,9.644769617826624e-93
81280,9.569984716677296e-93
81320,9.280782940997791e-93
81360,8.398391543933313e-93
81400,8.398391543933313e-93
81440,7.464000628760109e-93
81480,7.464000628760109e-93
81520,7.358792705211495e-93
81560,6.788962073920782e-93
81600,5.991543594891624e-93
81640,4.4808420658152825e-93
81680,4.4808420658152825e-93
81720,4.4808420658152825e-93
81760,4.4808420658152825e-93
81800,4.001233356662836e-93
81840,2.877177029795397e-93
81880,2.49690238766756e-93
81920,2.0874699563212013e-93
81960,2.0819485081418762e-93
82000,1.6905940020393883e-93
82040,1.6097289295558871e-93
82080,1.4421599720395569e-93
82120,1.4086412778790643e-93
82160,1.2045385352880247e-93
82200,1.2045385352880247e-93
82240,9.901976733131885e-94
82280,8.612574178151878e-94
82320,8.612574178151878e-94
82360,6.44067618467764e-94
82400,6.44067618467764e-94
82440,6.44067618467764e-94
82480,5.839800079504166e-94
82520,4.64966945157392e-94
82560,2.1037713054619053e-94
82600,2.1037713054619053e-94
82640,2.1037713054619053e-94
82680,2.1037713054619053e-94
82720,2.1037713054619053e-94
82760,1.880364887846211e-94
82800,1.880364887846211e-94
82840,1.880364887846211e-94
82880,1.880364887846211e-94
82920,1.5775116881518663e-94
82960,1.5325477720953874e-94
83000,1.493435901043674e-94
83040,1.282782891800733e-94
83080,1.282782891800733e-94
83120,1.0226366048419709e-94
83160,1.0105649227996396e-94
83200,9.465073261191418e-95
83240,9.241994370485781e-95
83280,8.574876754077509e-95
83320,7.786107263080853e-95
83360,6.542415298499632e-95
83400,5.473479278768243e-95
83440,4.465783606622384e-95
83480,3.4509162342770526e-95
83520,3.161909666691661e-95
83560,2.9211625869939063e-95
83600,2.3603643918931057e-95
83640,2.3603643918931057e-95
83680,2.3603643918931057e-95
83720,2.1448877784713626e-95
83760,2.0412145096769076e-95
83800,1.975602777160022e-95
83840,1.516106714437636e-95
83880,1.2724457130543746e-95
83920,1.2490726296291797e-95
83960,1.0869667657490579e-95
84000,1.0869667657490579e-95
84040,1.0869667657490579e-95
84080,6.203846688202943e-96
84120,6.203846688202943e-96
84160,6.1593259409129725e-96
84200,5.541414664518326e-96
84240,5.21634121792448e-96
84280,5.21634121792448e-96
84320,3.112247265666106e-96
84360,2.2511150782015072e-96
84400,2.1003699846814563e-96
84440,2.1003699846814563e-96
84480,1.818655496517647e-96
84520,1.3044554066645075e-96
84560,1.3044554066645075e-96
84600,1.3044554066645075e-96
84640,1.3044554066645075e-96
84680,1.3044554066645075e-96
84720,1.3044554066645075e-96
84760,1.1721361054549402e-96
84800,1.1475303087424711e-96
84840,1.1475303087424711e-96
84880,1.1475303087424711e-96
84920,1.0324874063269637e-96
84960,1.0324874063269637e-96
85000,1.0324874063269637e-96
85040,9.947001585723627e-97
85080,8.372423974566903e-97
85120,7.900845557077388e-97
85160,7.900845557077388e-97
85200,4.4433690145743195e-97
85240,4.4433690145743195e-97
85280,4.1339394911343217e-97
85320,2.805921601291553e-97
85360,2.805921601291553e-97
85400,2.568294349431087e-97
85440,2.568294349431087e-97
85480,2.44359090939806e-97
85520,1.7971758155409679e-97
85560,1.7971758155409679e-97
85600,1.563654215070485e-97
85640,1.2089878719381954e-97
85680,9.559066189263894e-98
85720,7.438152983449195e-98
85760,7.047091768633215e-98
85800,6.968109014973775e-98
85840,6.968109014973775e-98
85880,3.681120872066552e-98
85920,2.5253854312767375e-98
85960,2.3833179854420648e-98
86000,2.3833179854420648e-98
86040,2.3833179854420648e-98
86080,2.3306646144881833e-98
86120,2.3154326067111926e-98
86160,2.0824380380685528e-98
86200,2.0824380380685528e-98
86240,1.8871731261456936e-98
86280,1.8567671486119506e-98
86320,1.8198889906970326e-98
86360,1.802017027391882e-98
86400,1.7928256247285603e-98
86440,1.552940793784899e-98
86480,1.552940793784899e-98
86520,1.4439143485180279e-98
86560,1.3351857697578703e-98
86600,1.3351857697578703e-98
86640,1.2153037649505971e-98
86680,1.2153037649505971e-98
86720,1.2153037649505971e-98
86760,1.1612801467824284e-98
86800,8.882453720135485e-99
86840,8.882453720135485e-99
86880,8.792277028586113e-99
86920,6.983425186675322e-99
86960,5.73589771598889e-99
87000,5.08853958753973e-99
87040,4.057886528052592e-99
87080,3.4792007602025692e-99
87120,2.3164113880531465e-99
87160,1.7367881978614237e-99
87200,1.7367881978614237e-99
87240,1.7367881978614237e-99
87280,1.3866402641603174e-99
87320,1.3866402641603174e-99
87360,1.3866402641603174e-99
87400,1.2688983974982598e-99
87440,1.2688983974982598e-99
87480,1.2688983974982598e-99
87520,1.1205615866701508e-99
87560,7.669270829653043e-100
87600,5.741702309788665e-100
87640,4.909640613459106e-100
87680,4.5272161852734334e-100
87720,4.339814060622374e-100
87760,4.242511697445462e-100
87800,4.189580287720255e-100
87840,4.15978344483027e-100
87880,3.471801563879356e-100
87920,3.471801563879356e-100
87960,3.228288485117668e-100
88000,3.228288485117668e-100
88040,1.6275831014969457e-100
88080,1.6275831014969457e-100
88120,1.365673918612559e-100
88160,1.365673918612559e-100
88200,6.61524152047261e-101
88240,6.61524152047261e-101
88280,6.61524152047261e-101
88320,6.61524152047261e-101
88360,4.907432460805517e-101
88400,4.907432460805517e-101
88440,4.026286005880974e-101
88480,3.674649491983238e-101
88520,3.674649491983238e-101
88560,3.674649491983238e-101
88600,3.674649491983238e-101
88640,3.674649491983238e-101
88680,2.1489757010741442e-101
88720,2.1489757010741442e-101
88760,2.1489757010741442e-101
88800,2.1489757010741442e-101
88840,2.1489757010741442e-101
88880,2.1489757010741442e-101
88920,1.9412557620399726e-101
88960,1.9412557620399726e-101
89000,1.9181171048438096e-101
89040,1.9181171048438096e-101
89080,1.4228643388138181e-101
89120,1.3641525420597281e-101
89160,1.2773624239367517e-101
89200,1.2773624239367517e-101
89240,1.2773624239367517e-101
89280,1.0948462375044795e-101
89320,1.0543165700850052e-101
89360,7.660345599460265e-102
89400,5.7775942269901345e-102
89440,5.439342334859311e-102
89480,4.218901804742045e-102
89520,4.19996762148773e-102
89560,3.5706213101868575e-102
89600,3.4340978426167234e-102
89640,2.8985419739838955e-102
89680,2.8985419739838955e-102
89720,2.6923406663115805e-102
89760,2.2730196946085926e-102
89800,2.2730196946085926e-102
89840,2.218241193825827e-102
89880,2.0606360247243513e-102
89920,2.0606360247243513e-102
89960,2.006400112670037e-102
90000,2.006400112670037e-102
90040,1.8802765151730257e-102
90080,1.5317330190328253e-102
90120,1.2951499976955687e-102
90160,1.2951499976955687e-102
90200,1.2951499976955687e-102
90240,1.2273807123939451e-102
90280,9.469421147964699e-103
90320,8.600667928083417e-103
90360,6.71646837270069e-103
90400,6.2558178756139095e-103
90440,5.888597667408896e-103
90480,4.84535820886264e-103
90520,4.78440938890037e-103
90560,4.78440938890037e-103
90600,3.9144941274870834e-103
90640,2.3335636500505774e-103
90680,2.3335636500505774e-103
90720,2.3335636500505774e-103
90760,1.8636027654109938e-103
90800,1.7008517626082657e-103
90840,1.7008517626082657e-103
90880,1.466571966915373e-103
90920,1.466571966915373e-103
90960,1.0254272612531721e-103
91000,1.0254272612531721e-103
91040,1.0254272612531721e-103
91080,1.0254272612531721e-103
91120,9.291748812283097e-104
91160,9.291748812283097e-104
91200,8.762611636217777e-104
91240,7.879551598374719e-104
91280,7.879551598374719e-104
91320,7.879551598374719e-104
91360,7.020670626478807e-104
91400,6.930248972021316e-104
91440,6.557047077368435e-104
91480,5.837947571378845e-104
91520,4.86671444988527e-104
91560,3.7695384654947564e-104
91600,3.633613310570306e-104
91640,3.633613310570306e-104
91680,2.1977735735184383e-104
91720,2.1977735735184383e-104
91760,2.0946221178296593e-104
91800,2.0946221178296593e-104
91840,1.667630121375565e-104
91880,1.308734827292266e-104
91920,1.308734827292266e-104
91960,1.1434244962485542e-104
92000,1.1434244962485542e-104
92040,1.0406907383086347e-104
92080,9.183300703806548e-105
92120,6.763357005816908e-105
92160,5.4537851798085976e-105
92200,5.4537851798085976e-105
92240,4.4145510443275086e-105
92280,4.4145510443275086e-105
92320,3.9440139157577156e-105
92360,3.8208012833539735e-105
92400,3.2038408659186145e-105
92440,3.1010950515675432e-105
92480,2.281440483506571e-105
92520,1.5066337285617707e-105
92560,1.3296229144951131e-105
92600,1.2443170853961224e-105
92640,8.582576216783024e-106
92680,8.582576216783024e-106
92720,7.305512752393534e-106
92760,7.305512752393534e-106
92800,6.970336568704104e-106
92840,6.970336568704104e-106
92880,4.2037311008171097e-106
92920,4.2037311008171097e-106
92960,4.2037311008171097e-106
93000,4.2037311008171097e-106
93040,3.750611752545364e-106
93080,3.750611752545364e-106
93120,3.7001958463538254e-106
93160,2.843905392701845e-106
93200,2.4760201836060877e-106
93240,2.4760201836060877e-106
93280,2.4760201836060877e-106
93320,2.189981437953684e-106
93360,1.9777715898032902e-106
93400,1.9236702727282473e-106
93440,1.9175703355366919e-106
93480,1.5317759255489983e-106
93520,1.5317759255489983e-106
93560,1.4899386685996988e-106
93600,1.1847907928541164e-106
93640,8.91426357946109e-107
93680,8.789461279874368e-107
93720,8.789461279874368e-107
93760,8.789461279874368e-107
93800,5.7827974208433e-107
93840,5.001830387095103e-107
93880,5.001830387095103e-107
93920,5.001830387095103e-107
93960,5.001830387095103e-107
94000,4.764386557703956e-107
94040,4.764386557703956e-107
94080,4.516937552099458e-107
94120,3.673149230463084e-107
94160,2.7943610137603225e-107
94200,2.643741594476147e-107
94240,2.1085730898029476e-107
94280,2.1085730898029476e-107
94320,1.2982516452084513e-107
94360,1.1935431335001694e-107
94400,1.1935431335001694e-107
94440,1.1935431335001694e-107
94480,1.1935431335001694e-107
94520,7.484232380247673e-108
94560,7.484232380247673e-108
94600,4.758424437612395e-108
94640,4.758424437612395e-108
94680,4.758424437612395e-108
94720,4.236469337142528e-108
94760,3.582181404984824e-108
94800,2.364835857865294e-108
94840,2.112768629279795e-108
94880,2.112768629279795e-108
94920,1.9127929393398965e-108
94960,1.6636470349793873e-108
95000,1.6636470349793873e-108
95040,1.4468425151070287e-108
95080,1.215565278226655e-108
95120,1.0413960665239111e-108
95160,1.0413960665239111e-108
95200,1.0189288485980427e-108
95240,8.028683769607485e-109
95280,8.028683769607485e-109
95320,7.839833520750661e-109
95360,7.839833520750661e-109
95400,7.743768319133167e-109
95440,4.530156533086908e-109
95480,4.530156533086908e-109
95520,4.530156533086908e-109
95560,4.530156533086908e-109
95600,4.279803587150914e-109
95640,3.9500826870899826e-109
95680,2.813343899020756e-109
95720,2.813343899020756e-109
95760,2.808767510456889e-109
95800,1.7015496430231064e-109
95840,1.3977144816270522e-109
95880,1.3977144816270522e-109
95920,1.3977144816270522e-109
95960,9.767032678195571e-110
96000,9.036698017150016e-110
96040,9.036698017150016e-110
96080,9.036698017150016e-110
96120,7.387824710473568e-110
96160,7.284977800402877e-110
96200,6.81970956165347e-110
96240,6.782095762697737e-110
96280,6.753581506869818e-110
96320,6.711426052577173e-110
96360,6.711426052577173e-110
96400,3.0266791734531235e-110
96440,3.0266791734531235e-110
96480,3.0266791734531235e-110
96520,3.0266791734531235e-110
96560,1.1156405747023621e-110
96600,1.1156405747023621e-110
96640,8.82044679528728e-111
96680,8.583528550017463e-111
96720,8.583528550017463e-111
96760,8.364033051831741e-111
96800,8.153483213533154e-111
96840,8.153483213533154e-111
96880,7.445940140176739e-111
96920,5.4850984550006324e-111
96960,5.25026149712216e-111
97000,5.25026149712216e-111
97040,4.6592268444539186e-111
97080,4.4933119669351216e-111
97120,2.508540424754923e-111
97160,2.508540424754923e-111
97200,2.508540424754923e-111
97240,2.508540424754923e-111
97280,2.508540424754923e-111
97320,2.508540424754923e-111
97360,2.2572803569900934e-111
97400,2.1931730621815166e-111
97440,2.1931730621815166e-111
97480,1.7978901745526797e-111
97520,1.6466523576121453e-111
97560,1.6466523576121453e-111
97600,1.6466523576121453e-111
97640,1.6466523576121453e-111
97680,1.6466523576121453e-111
97720,1.6056241253785488e-111
97760,1.0731347281523376e-111
97800,1.0731347281523376e-111
97840,6.915192042011377e-112
97880,5.7632536294359665e-112
97920,5.7632536294359665e-112
97960,5.6484083131808765e-112
98000,5.6484083131808765e-112
98040,5.6484083131808765e-112
98080,5.083717159426932e-112
98120,4.285884147353434e-112
98160,3.4027774853979382e-112
98200,2.100798740180822e-112
98240,1.8947454969694976e-112
98280,1.8947454969694976e-112
98320,1.8947454969694976e-112
98360,1.08954971535552e-112
98400,9.136406067546842e-113
98440,9.136406067546842e-113
98480,5.239433528439956e-113
98520,5.239433528439956e-113
98560,5.239433528439956e-113
98600,5.1479162397982e-113
98640,3.8412320913277254e-113
98680,3.544820700031651e-113
98720,3.544820700031651e-113
98760,3.391641461712707e-113
98800,3.2217123633194293e-113
98840,2.7708552566042756e-113
98880,2.587727320457536e-113
98920,2.5093096368071405e-113
98960,2.473584294710456e-113
99000,2.456226185966124e-113
99040,2.2927466656778494e-113
99080,2.1873757479708885e-113
99120,2.1788804966562606e-113
99160,1.401091968592986e-113
99200,1.2086955153037286e-113
99240,1.2086955153037286e-113
99280,1.0623746536309041e-113
99320,1.0623746536309041e-113
99360,6.769260026689226e-114
99400,6.769260026689226e-114
99440,6.600062953020802e-114
99480,6.600062953020802e-114
99520,6.600062953020802e-114
99560,6.501714922063594e-114
99600,6.501714922063594e-114
99640,4.005608218336755e-114
99680,4.005608218336755e-114
99720,4.005608218336755e-114
99760,2.946896179414701e-114
99800,2.94172708074827e-114
99840,2.649645177914075e-114
99880,2.0067534440451457e-114
99920,2.0067534440451457e-114
99960,2.0067534440451457e-114
100000,1.7875875130640325e-114
